producto,presentacion,codigo,categoria_id
"ALCOHOL ANTISEPTICO 3,785LTRS",UNIDAD ,7591472327694,1
"SOLUCION FISIOLOGICA AL 0,9% (500ML) ",UNIDAD ,7597285000052,1
ACETAMINOFEN (150MG/5ML) JARABE ,UNIDAD ,7592454003100,1
ACETAMINOFEN (120MG/5ML) JARABE ,UNIDAD ,7598484000027,1
ACETAMINOFEN (180MG/5ML) JARABE ,UNIDAD ,7591196007155,1
ACETAMINOFEN (650MG)10 TABLETAS ,UNIDAD ,7592454001243,1
"DESLORATADINA (2,5MG/5ML) JARABE ",UNIDAD ,7703763393053,1
AZITROMICINA (500MG) 5 TABLETAS ,CAJA,7594001101353,1
OMEPRAZOL (40MG) 10 CAPSULAS ,CAJA ,7591585173881,1
CETIRIZINA (10MG) 10 TABLETAS ,CAJA ,7591585174581,1
DESLORATADINA (5MG) 10 TABLETAS ,CAJA ,7591519008210,1
DICLOFENAC POTASICO (50MG) 10 TABLETAS ,CAJA ,7591196007186,1
BUDESONIDA SUSPENSION PARA NEBULIZAR ,UNIDAD ,7591585117199,1
CIPROFLOXACINO (500MG) 10 TABLETAS ,CAJA ,697454651049,1
CIPROFLOXACINO (500MG) 10 TABLETAS ,CAJA ,7598484001031,1
TRIMETROPIM + SULFAMETOXAZOL (400MG/80MG) 20 TABLETAS ,CAJA ,7592806133073,1
CETIRIZINA (10MG) 10 TABLETAS ,CAJA ,7592454138185,1
TIOCOLCHICOSIDO (4MG) 10 COMPRIMIDOS  ,CAJA ,7591585377807,1
KETOPROFENO (100MG) 10 CAPSULAS ,CAJA ,7591519000139,1
DICLOFENAC POTASICO (50MG) 30 COMPRIMIDOS ,CAJA ,7591585379245,1
DESLORATADINA (5MG) 10 TABLETAS ,CAJA ,7594001101956,1
AMBROXOL (15MG/5ML) JARABE ,UNIDAD,7592454120203,1
CETIRIZINA (1MG/ML) JARABE ,UNIDAD ,7592616083018,1
TIOCOLCHICOSIDO (4MG) 12 TABLETAS ,CAJA ,7591519007749,1
AZITROMICINA (200MG/5ML) POLVO PARA SUSPENSION ORAL ,CAJA,7750215017562,1
BUDESONIDA SUSPENSION PARA NEBULIZAR ,UNIDAD ,7591196000668,1
ACEVAL DIA (ACETAMINOFEN 650MG+ CAFEINA 20MG+ CLORFENIRAMINA 2MG) 8 TABLETAS ,CAJA,7591020009423,1
ACEVAL NOCHE (ACETAMINOFEN (650MG+ CLORFENIRAMINA 4MG) 6 TABLETAS ,CAJA,7591020009430,1
CETIRIZINA (10MG) 10 TABLETAS ,CAJA,7592601100690,1
CAPTOPRIL (50MG) 30 TABLETAS ,CAJA,7592454004138,1
AZITROMIZINA (500MG) 3 TABLETAS ,CAJA,7594001101352,1
ACETAMINOFEN (180MG/5ML) JARABE ,UNIDAD ,7591585277787,1
DESLORATADINA (5MG) 10 TABLETAS ,CAJA ,7591616576558,1
ELECTRO ZIN PRO + PROBIOTICOS SOBRE ,CAJA ,20072026,1
AZITROMICINA (200MG/5ML) POLVO PARA SUSPENSION ORAL ,UNIDAD ,7703712030152,1
CIPROFLOXACINO (500MG) 10 TABLETAS ,CAJA ,6974546561049,1
AMOXICILINA + ACIDO CLAVULANICO (875MG/125MG)  10 TABLETAS ,CAJA ,08906051293052,1
AMBROXOL (15MG/5ML) JARABE ,UNIDAD ,7703153020064,1
CETIRIZINA (1MG/ML) JARABE ,UNIDAD ,7591062016649,1
DICLOFENAC POTASICO (10MG) 10 COMPRIMIDOS ,CAJA,7591585279248,1
AMBROXOL (30MG/5ML) JARABE ,UNIDAD,7592454120302,1
TIOCOLCHICOSIDO (4MG) 10 TABLETAS ,CAJA,7592454003667,1
CAPTOPRIL (25MG) 20 TABLETAS ,CAJA,7592616576145,1
TENSOPIN (20MG/ML) FRASCO ,UNIDAD,7591585111906,1
CAPTOPRIL (50MG) 30 TABLETAS ,CAJA,7591519051292,1
OMEPRAZOL (40MG) 10 CAPSULAS ,CAJA,0730170649487,1
IBUPROFENO (600MG) 10 TABLETAS ,CAJA,6942189304262,1
SALBUTAMOL SOLUCION PARA INHALAR (15ML),UNIDAD,7591196002303,1
BROMURO DE IPRATROPIO SOLUCION PARA NEBULIZAR ,UNIDAD ,8904179621979,1
MACROGOTERO BOLSA 25UND ,UNIDAD ,697107761045,1
TIOCOLCHICOSIDO (4MG/2ML) AMPOLLA VIM,UNIDAD ,8906112616684,1
RANITIDINA (50MG/2ML) AMPOLLA ,UNIDAD ,8906112616554,1
ONDASETRON (8MG/4ML) AMPOLLA ,UNIDAD ,7598127002081,1
DICLOFENAC POTASICO (75MG) AMPOLLA ,UNIDAD ,7598127002104,1
KETOPROFENO (100MG/5ML) AMPOLLA ,UNIDAD ,19072026,1
KETOROLACO 30MG/ML AMPOLLA ,UNIDAD ,7592803004338,1
DIPIRONA (500MG/ML) AMPOLLA ,UNIDAD ,7599513000148,1
BUTILBROMURO DE HIOSCINA (20MG/ML) AMPOLLA ,UNIDAD ,7597758000701,1
DICLOFENAC POTASICO (75MG) AMPOLLA ,UNIDAD ,7591243811704,1
DEXAMETASONA (8MG/2ML) SOLUCION INYECTABLE ,UNIDAD ,7592806112047,1
HIDROCORTISONA (500MG) POLVO PARA SOLUCION INYECTABLE,UNIDAD ,7598252101031,1
TIOCOLCHICOSIDO (4MG/2ML) AMPOLLA VIM/VIV ,UNIDAD ,7591818113066,1
DEXAMETASONA (8MG/2ML) AMPOLLA ,UNIDAD ,7599762000326,1
METROCLOPRAMIDA (10MG/2ML) AMPOLLA ,UNIDAD ,020507701005,1
OMEPRAZOL (40MG) 20 CAPSULAS ,CAJA,10174937833601,1
BAJA LENGUA DE MADERA MC MEDICAL CAJA 100 U ,CAJA,810028133310,1
CATETER INTRAVENOSO #20 CAJA DE 50 UND,UNIDAD ,759679300179,1
CATETER INTRAVENOSO #22 CAJA DE 50 UNID,UNIDAD ,7596793001186,1
CATETER INTRAVENOSO #24 CAJA DE 50 UNID,UNIDAD ,6971077612509,1
GASAS ESTERILES  4X4 SOBRE X 2 UND DEVAX CAJA 100U ,UNIDAD ,250609,1
GUANTES ESTERILES #6.5 GROSSMED ,UNIDAD ,7597830005457,1
GUANTES ESTERILES #7.0 DEVAX  ,UNIDAD ,HW50706,1
JERINGA DESCARTABLE 10ML 100 UNID,UNIDAD ,7597830001404,1
JERINGA DESCARTABLE 20ML 50 UNID,UNIDAD ,6971077610079,1
JERINGA DESCARTABLE 3ML 100 UNID,UNIDAD ,7597830001701,1
JERINGA DESCARTABLE 5ML 100 UNID,UNIDAD ,6971077610055,1
KIT DE NEBULIZAR PEDIATRICO VALEMEDIC,UNIDAD ,6971077612349,1
SCALP 21G CAJA 100UND ,UNIDAD ,20250910,1
SCALP 23G CAJA 100UND ,CAJA ,6971077611090,1
TAPA BOCAS PAQ 50U,UNIDAD ,6973198989896,1
ALGODÓN 500GRS - ROLLO,UNIDAD ,7597830003989,1
CURITA REDONDA 7/8 (22 MM) 100U ,UNIDAD ,0721688715092,1
BAJA LENGUA DE MADERA ,CAJA,18072026,1
CATETER INTRAVENOSO 22FR ,UNIDAD ,810028133792,1
CATETER INTRAVENOSO 20FR ,UNIDAD,0117595059001295,1
ELECTROLITE UI,UNIDAD,8906148420781,1
EQUIPOS MEDICOS ,UNIDAD,CODIGO,1
GLUCOMETRO ,UNIDAD,000111,2
LANCETAS ,UNIDAD,000112,2
TIRAS REACTIVAS CAJA x 50U ,UNIDAD,883489310392,2
TENSIOMETRO ANAIROIDE  ,UNIDAD,000113,2
OXIMETRO ,UNIDAD,000102,2
TERMOMETRO DIGITAL ,UNIDAD,000115,2
NEBULIZADOR DE COMPRESOR ,UNIDAD,0617529188784,2
TERMOMETRO DIGITAL NOVIX ,UNIDAD,10100014404,2
TERMOMETRO DIGITAL KX MEDICAL ,UNIDAD,000813333014435010202409219,2
PULMO-AIDE ,UNIDAD,000115,2
CAJA DE DESECHOS BIOLOGICOS ,UNIDAD,0013L,2
TERMOMETRO DE MERCURIO PLUSMEDIC ,UNIDAD,001023,2
TERMOMETRO DIGITAL ANYCARE ,UNIDAD,6931562704058,2
PILAS AAA PHILIPS 2UND ,UNIDAD,8712581544226,2
PILAS AA PHILIPS 2UND ,UNIDAD,8712581544195,1
TENSIOMETRO ELECTRONICO MEDIC HOME ,UNIDAD,000101,1
DIVAN PARA EXAMEN MEDICO FIJO ,UNIDAD,00110,1
CAMILLA AJUSTABLE PORTATIL ,UNIDAD,C00001057,1
ESCABEL DE UN PASO ESMALTADO ,UNIDAD,00114,1
BASCULA DIGITAL ,UNIDAD,6939379841492,1
PARAL PARA SUERO ESMALTADO ,UNIDAD,00142,1
